,date,incidents,n_killed,n_injured,year
0,2013-01-01,3,2,10,2013
1,2013-01-05,1,4,0,2013
2,2013-01-07,2,6,2,2013
3,2013-01-19,1,5,0,2013
4,2013-01-21,2,0,9,2013
5,2013-01-23,2,2,9,2013
6,2013-01-25,1,1,3,2013
7,2013-01-26,3,3,11,2013
8,2013-02-02,1,0,5,2013
9,2013-02-03,1,1,3,2013
10,2013-02-07,1,0,4,2013
11,2013-02-09,1,0,4,2013
12,2013-02-11,2,4,6,2013
13,2013-02-12,1,4,1,2013
14,2013-02-19,1,4,3,2013
15,2013-02-21,1,1,3,2013
16,2013-02-22,1,0,4,2013
17,2013-02-23,1,0,4,2013
18,2013-02-24,1,0,8,2013
19,2013-03-02,1,1,3,2013
20,2013-03-03,2,2,6,2013
21,2013-03-04,1,1,3,2013
22,2013-03-05,1,1,3,2013
23,2013-03-07,1,2,2,2013
24,2013-03-10,1,0,5,2013
25,2013-03-11,1,0,13,2013
26,2013-03-13,2,8,4,2013
27,2013-03-14,1,0,4,2013
28,2013-03-16,1,0,7,2013
29,2013-03-17,2,2,8,2013
30,2013-03-21,2,1,10,2013
31,2013-03-22,1,1,3,2013
32,2013-03-30,1,3,2,2013
33,2013-03-31,1,3,2,2013
34,2013-04-06,1,1,4,2013
35,2013-04-07,2,2,6,2013
36,2013-04-09,1,1,3,2013
37,2013-04-10,1,0,4,2013
38,2013-04-14,2,3,8,2013
39,2013-04-18,1,4,0,2013
40,2013-04-21,1,5,0,2013
41,2013-04-22,2,0,9,2013
42,2013-04-24,1,6,1,2013
43,2013-04-25,1,0,4,2013
44,2013-04-27,1,1,3,2013
45,2013-04-28,3,3,10,2013
46,2013-05-02,2,1,5,2013
47,2013-05-04,1,0,4,2013
48,2013-05-05,1,0,5,2013
49,2013-05-06,1,0,4,2013
50,2013-05-10,1,3,1,2013
51,2013-05-11,3,5,8,2013
52,2013-05-12,2,0,24,2013
53,2013-05-13,1,0,4,2013
54,2013-05-14,1,0,2,2013
55,2013-05-15,1,1,4,2013
56,2013-05-16,1,0,4,2013
57,2013-05-18,2,1,4,2013
58,2013-05-19,2,2,6,2013
59,2013-05-20,1,0,4,2013
60,2013-05-23,1,2,2,2013
61,2013-05-24,1,2,2,2013
62,2013-05-25,2,2,7,2013
63,2013-05-28,1,1,3,2013
64,2013-05-29,1,0,4,2013
65,2013-05-31,1,0,4,2013
66,2013-06-01,2,2,6,2013
67,2013-06-02,3,0,18,2013
68,2013-06-07,1,6,1,2013
69,2013-06-09,1,0,4,2013
70,2013-06-10,2,1,10,2013
71,2013-06-14,1,0,5,2013
72,2013-06-15,3,2,10,2013
73,2013-06-16,1,1,3,2013
74,2013-06-21,3,1,14,2013
75,2013-06-22,2,1,8,2013
76,2013-06-23,5,4,23,2013
77,2013-06-24,1,1,3,2013
78,2013-06-25,1,1,4,2013
79,2013-06-27,1,2,2,2013
80,2013-06-28,1,0,6,2013
81,2013-06-29,1,3,1,2013
82,2013-06-30,2,0,13,2013
83,2013-07-01,2,4,1,2013
84,2013-07-02,1,1,0,2013
85,2013-07-04,2,1,10,2013
86,2013-07-06,2,1,7,2013
87,2013-07-07,4,2,16,2013
88,2013-07-09,2,2,6,2013
89,2013-07-11,1,2,2,2013
90,2013-07-12,2,3,5,2013
91,2013-07-13,4,2,15,2013
92,2013-07-14,2,1,9,2013
93,2013-07-17,1,1,3,2013
94,2013-07-19,2,0,8,2013
95,2013-07-20,1,0,5,2013
96,2013-07-21,1,0,4,2013
97,2013-07-24,1,0,4,2013
98,2013-07-25,1,0,4,2013
99,2013-07-26,2,11,0,2013
100,2013-07-28,1,0,4,2013
101,2013-07-29,1,0,4,2013
102,2013-07-30,1,0,4,2013
103,2013-08-02,2,2,7,2013
104,2013-08-03,1,0,5,2013
105,2013-08-04,2,4,7,2013
106,2013-08-05,1,1,0,2013
107,2013-08-06,2,3,8,2013
108,2013-08-07,1,4,4,2013
109,2013-08-09,1,2,2,2013
110,2013-08-10,1,0,4,2013
111,2013-08-11,2,1,8,2013
112,2013-08-13,1,0,4,2013
113,2013-08-14,1,4,0,2013
114,2013-08-17,2,1,4,2013
115,2013-08-18,4,2,15,2013
116,2013-08-19,1,1,4,2013
117,2013-08-20,1,2,2,2013
118,2013-08-23,1,1,0,2013
119,2013-08-25,4,7,10,2013
120,2013-09-05,1,0,4,2013
121,2013-09-07,2,3,7,2013
122,2013-09-10,1,1,4,2013
123,2013-09-11,1,0,4,2013
124,2013-09-12,2,5,3,2013
125,2013-09-14,1,0,4,2013
126,2013-09-15,3,3,12,2013
127,2013-09-16,1,11,3,2013
128,2013-09-17,4,2,16,2013
129,2013-09-18,1,1,4,2013
130,2013-09-19,1,0,12,2013
131,2013-09-20,2,7,2,2013
132,2013-09-21,1,0,4,2013
133,2013-09-22,3,4,13,2013
134,2013-09-24,1,0,6,2013
135,2013-09-25,1,0,4,2013
136,2013-09-27,1,0,4,2013
137,2013-09-29,1,0,4,2013
138,2013-10-02,1,0,4,2013
139,2013-10-05,3,2,17,2013
140,2013-10-06,2,1,9,2013
141,2013-10-07,1,1,0,2013
142,2013-10-09,1,4,0,2013
143,2013-10-12,1,0,5,2013
144,2013-10-13,2,1,8,2013
145,2013-10-20,2,2,6,2013
146,2013-10-21,1,2,5,2013
147,2013-10-26,3,6,9,2013
148,2013-10-27,4,2,18,2013
149,2013-10-29,1,5,0,2013
150,2013-11-02,1,1,3,2013
151,2013-11-03,2,1,8,2013
152,2013-11-05,2,4,4,2013
153,2013-11-07,1,3,7,2013
154,2013-11-09,1,2,16,2013
155,2013-11-10,2,2,6,2013
156,2013-11-11,1,4,1,2013
157,2013-11-15,1,1,3,2013
158,2013-11-20,1,3,2,2013
159,2013-11-21,1,0,4,2013
160,2013-11-22,2,0,2,2013
161,2013-11-23,1,4,1,2013
162,2013-11-25,2,1,10,2013
163,2013-11-28,1,0,4,2013
164,2013-11-29,2,0,8,2013
165,2013-11-30,2,0,9,2013
166,2013-12-01,3,7,2,2013
167,2013-12-07,2,1,4,2013
168,2013-12-14,1,0,4,2013
169,2013-12-15,2,1,8,2013
170,2013-12-21,2,1,8,2013
171,2013-12-22,1,1,3,2013
172,2013-12-25,3,5,5,2013
173,2013-12-26,2,5,9,2013
174,2013-12-28,1,3,5,2013
175,2013-12-29,2,1,2,2013
176,2013-12-31,3,4,7,2013
177,2014-01-01,216,50,132,2013
178,2014-01-02,119,29,48,2013
179,2014-01-03,124,37,59,2013
180,2014-01-04,140,37,73,2013
181,2014-01-05,130,31,66,2013
182,2014-01-06,100,29,25,2013
183,2014-01-07,115,25,39,2013
184,2014-01-08,149,27,58,2013
185,2014-01-09,134,32,54,2013
186,2014-01-10,129,18,48,2013
187,2014-01-11,143,34,79,2013
188,2014-01-12,147,36,83,2013
189,2014-01-13,162,33,76,2013
190,2014-01-14,158,42,68,2013
191,2014-01-15,181,43,60,2013
192,2014-01-16,158,46,58,2013
193,2014-01-17,152,28,75,2013
194,2014-01-18,147,34,70,2013
195,2014-01-19,139,38,80,2013
196,2014-01-20,172,55,72,2013
197,2014-01-21,125,34,48,2013
198,2014-01-22,134,32,54,2013
199,2014-01-23,117,34,25,2013
200,2014-01-24,115,23,42,2013
201,2014-01-25,162,44,85,2013
202,2014-01-26,152,39,61,2013
203,2014-01-27,151,40,48,2013
204,2014-01-28,124,30,60,2013
205,2014-01-29,120,22,33,2013
206,2014-01-30,132,28,36,2013
207,2014-01-31,148,40,60,2013
208,2014-02-01,149,45,56,2013
209,2014-02-02,138,40,64,2013
210,2014-02-03,143,37,41,2013
211,2014-02-04,113,29,43,2013
212,2014-02-05,104,27,30,2013
213,2014-02-06,141,32,49,2013
214,2014-02-07,98,31,37,2013
215,2014-02-08,99,16,41,2013
216,2014-02-09,111,27,49,2013
217,2014-02-10,115,34,53,2013
218,2014-02-11,82,23,20,2013
219,2014-02-12,117,31,36,2013
220,2014-02-13,103,32,40,2013
221,2014-02-14,101,23,25,2013
222,2014-02-15,85,28,36,2013
223,2014-02-16,112,44,75,2013
224,2014-02-17,90,25,42,2013
225,2014-02-18,101,28,43,2013
226,2014-02-19,118,32,53,2013
227,2014-02-20,99,31,51,2013
228,2014-02-21,110,30,53,2013
229,2014-02-22,105,34,70,2013
230,2014-02-23,126,44,55,2013
231,2014-02-24,123,25,46,2013
232,2014-02-25,104,30,39,2013
233,2014-02-26,80,25,21,2013
234,2014-02-27,101,20,38,2013
235,2014-02-28,77,22,17,2013
236,2014-03-01,128,53,68,2013
237,2014-03-02,87,15,44,2013
238,2014-03-03,85,27,30,2013
239,2014-03-04,92,22,25,2013
240,2014-03-05,110,33,50,2013
241,2014-03-06,96,30,37,2013
242,2014-03-07,118,23,50,2013
243,2014-03-08,122,32,53,2013
244,2014-03-09,117,31,71,2013
245,2014-03-10,112,36,40,2013
246,2014-03-11,123,28,60,2013
247,2014-03-12,102,35,26,2013
248,2014-03-13,97,29,27,2013
249,2014-03-14,119,35,49,2013
250,2014-03-15,127,31,68,2013
251,2014-03-16,132,38,62,2013
252,2014-03-17,132,34,48,2013
253,2014-03-18,114,36,37,2013
254,2014-03-19,122,33,45,2013
255,2014-03-20,131,33,55,2013
256,2014-03-21,134,39,46,2013
257,2014-03-22,114,33,70,2013
258,2014-03-23,144,36,69,2013
259,2014-03-24,114,32,36,2013
260,2014-03-25,151,43,49,2013
261,2014-03-26,108,23,37,2013
262,2014-03-27,135,27,47,2013
263,2014-03-28,116,32,62,2013
264,2014-03-29,120,30,61,2013
265,2014-03-30,127,41,78,2013
266,2014-03-31,140,37,51,2013
267,2014-04-01,115,37,42,2013
268,2014-04-02,118,40,49,2013
269,2014-04-03,136,26,48,2013
270,2014-04-04,137,27,54,2013
271,2014-04-05,132,36,70,2013
272,2014-04-06,151,33,89,2013
273,2014-04-07,115,30,51,2013
274,2014-04-08,132,42,50,2013
275,2014-04-09,136,38,59,2013
276,2014-04-10,113,26,48,2013
277,2014-04-11,127,33,74,2013
278,2014-04-12,141,35,85,2014
279,2014-04-13,135,36,61,2014
280,2014-04-14,137,38,55,2014
281,2014-04-15,113,29,44,2014
282,2014-04-16,122,38,51,2014
283,2014-04-17,138,30,45,2014
284,2014-04-18,145,30,67,2014
285,2014-04-19,111,29,55,2014
286,2014-04-20,137,31,87,2014
287,2014-04-21,135,36,53,2014
288,2014-04-22,115,21,55,2014
289,2014-04-23,130,32,40,2014
290,2014-04-24,123,38,55,2014
291,2014-04-25,155,37,70,2014
292,2014-04-26,152,38,100,2014
293,2014-04-27,131,31,67,2014
294,2014-04-28,110,23,49,2014
295,2014-04-29,124,36,57,2014
296,2014-04-30,125,23,52,2014
297,2014-05-01,110,23,44,2014
298,2014-05-02,132,33,65,2014
299,2014-05-03,138,34,80,2014
300,2014-05-04,134,39,72,2014
301,2014-05-05,112,31,51,2014
302,2014-05-06,131,21,62,2014
303,2014-05-07,120,23,57,2014
304,2014-05-08,129,36,53,2014
305,2014-05-09,125,40,55,2014
306,2014-05-10,136,45,77,2014
307,2014-05-11,131,42,82,2014
308,2014-05-12,130,26,58,2014
309,2014-05-13,130,30,52,2014
310,2014-05-14,136,31,54,2014
311,2014-05-15,145,29,58,2014
312,2014-05-16,135,23,62,2014
313,2014-05-17,168,45,101,2014
314,2014-05-18,140,41,86,2014
315,2014-05-19,154,40,59,2014
316,2014-05-20,154,29,59,2014
317,2014-05-21,134,36,69,2014
318,2014-05-22,130,24,45,2014
319,2014-05-23,134,32,70,2014
320,2014-05-24,149,43,91,2014
321,2014-05-25,147,28,97,2014
322,2014-05-26,171,60,97,2014
323,2014-05-27,167,40,70,2014
324,2014-05-28,129,30,47,2014
325,2014-05-29,156,43,69,2014
326,2014-05-30,154,58,55,2014
327,2014-05-31,159,44,103,2014
328,2014-06-01,147,35,85,2014
329,2014-06-02,145,36,82,2014
330,2014-06-03,151,31,66,2014
331,2014-06-04,186,51,75,2014
332,2014-06-05,151,47,60,2014
333,2014-06-06,142,40,70,2014
334,2014-06-07,138,42,63,2014
335,2014-06-08,149,45,76,2014
336,2014-06-09,142,38,74,2014
337,2014-06-10,120,24,43,2014
338,2014-06-11,154,37,66,2014
339,2014-06-12,141,26,62,2014
340,2014-06-13,118,32,59,2014
341,2014-06-14,142,41,69,2014
342,2014-06-15,147,26,91,2014
343,2014-06-16,151,34,70,2014
344,2014-06-17,133,29,55,2014
345,2014-06-18,135,29,45,2014
346,2014-06-19,142,36,57,2014
347,2014-06-20,150,32,67,2014
348,2014-06-21,159,40,84,2014
349,2014-06-22,162,49,78,2014
350,2014-06-23,154,34,66,2014
351,2014-06-24,147,50,65,2014
352,2014-06-25,145,40,56,2014
353,2014-06-26,154,33,68,2014
354,2014-06-27,165,49,58,2014
355,2014-06-28,162,31,97,2014
356,2014-06-29,157,50,105,2014
357,2014-06-30,151,40,57,2014
358,2014-07-01,132,25,62,2014
359,2014-07-02,134,25,64,2014
360,2014-07-03,137,37,71,2014
361,2014-07-04,192,48,92,2014
362,2014-07-05,212,71,153,2014
363,2014-07-06,165,50,108,2014
364,2014-07-07,173,38,94,2014
365,2014-07-08,173,39,80,2014
366,2014-07-09,152,47,66,2014
367,2014-07-10,152,32,53,2014
368,2014-07-11,141,28,60,2014
369,2014-07-12,168,45,82,2014
370,2014-07-13,200,58,96,2014
371,2014-07-14,177,38,67,2014
372,2014-07-15,177,25,75,2014
373,2014-07-16,146,29,57,2014
374,2014-07-17,159,36,77,2014
375,2014-07-18,166,34,58,2014
376,2014-07-19,170,50,87,2014
377,2014-07-20,199,43,100,2014
378,2014-07-21,151,25,65,2014
379,2014-07-22,182,38,70,2014
380,2014-07-23,172,32,70,2014
381,2014-07-24,175,32,68,2014
382,2014-07-25,168,30,61,2014
383,2014-07-26,171,37,92,2014
384,2014-07-27,155,29,90,2014
385,2014-07-28,165,32,82,2014
386,2014-07-29,193,35,77,2014
387,2014-07-30,189,39,65,2014
388,2014-07-31,173,35,81,2014
389,2014-08-01,200,44,83,2014
390,2014-08-02,189,49,95,2014
391,2014-08-03,175,46,103,2014
392,2014-08-04,163,30,72,2014
393,2014-08-05,153,49,56,2014
394,2014-08-06,169,33,76,2014
395,2014-08-07,142,31,62,2014
396,2014-08-08,172,34,82,2014
397,2014-08-09,154,26,85,2014
398,2014-08-10,186,54,102,2014
399,2014-08-11,175,32,65,2014
400,2014-08-12,164,29,66,2014
401,2014-08-13,175,30,81,2014
402,2014-08-14,156,31,67,2014
403,2014-08-15,176,35,76,2014
404,2014-08-16,167,44,91,2014
405,2014-08-17,199,30,106,2014
406,2014-08-18,182,36,68,2014
407,2014-08-19,177,51,57,2014
408,2014-08-20,178,38,81,2014
409,2014-08-21,171,30,44,2014
410,2014-08-22,170,35,71,2014
411,2014-08-23,188,44,93,2014
412,2014-08-24,189,53,87,2014
413,2014-08-25,160,27,63,2014
414,2014-08-26,141,25,55,2014
415,2014-08-27,150,24,52,2014
416,2014-08-28,142,32,45,2014
417,2014-08-29,170,31,58,2014
418,2014-08-30,145,37,62,2014
419,2014-08-31,181,50,94,2014
420,2014-09-01,185,32,87,2014
421,2014-09-02,162,47,61,2014
422,2014-09-03,155,39,66,2014
423,2014-09-04,155,30,58,2014
424,2014-09-05,185,41,57,2014
425,2014-09-06,220,52,100,2014
426,2014-09-07,149,23,72,2014
427,2014-09-08,166,50,54,2014
428,2014-09-09,148,29,47,2014
429,2014-09-10,185,24,72,2014
430,2014-09-11,203,37,66,2014
431,2014-09-12,167,24,61,2014
432,2014-09-13,180,41,77,2014
433,2014-09-14,183,54,85,2014
434,2014-09-15,161,37,60,2014
435,2014-09-16,161,16,52,2014
436,2014-09-17,155,23,64,2014
437,2014-09-18,154,28,68,2014
438,2014-09-19,163,31,66,2014
439,2014-09-20,179,35,91,2014
440,2014-09-21,183,48,112,2014
441,2014-09-22,140,26,48,2014
442,2014-09-23,126,39,46,2014
443,2014-09-24,173,28,61,2014
444,2014-09-25,163,28,46,2014
445,2014-09-26,175,31,79,2014
446,2014-09-27,174,33,92,2014
447,2014-09-28,189,26,100,2014
448,2014-09-29,152,23,60,2014
449,2014-09-30,161,38,51,2014
450,2014-10-01,167,25,60,2014
451,2014-10-02,171,24,59,2014
452,2014-10-03,167,32,60,2014
453,2014-10-04,140,35,70,2014
454,2014-10-05,170,49,75,2014
455,2014-10-06,133,26,43,2014
456,2014-10-07,152,31,50,2014
457,2014-10-08,168,32,59,2014
458,2014-10-09,144,27,39,2014
459,2014-10-10,144,39,37,2014
460,2014-10-11,169,33,89,2014
461,2014-10-12,140,30,71,2014
462,2014-10-13,175,31,74,2014
463,2014-10-14,178,37,56,2014
464,2014-10-15,144,31,57,2014
465,2014-10-16,163,23,58,2014
466,2014-10-17,175,36,69,2014
467,2014-10-18,163,36,77,2014
468,2014-10-19,159,39,65,2014
469,2014-10-20,176,36,66,2014
470,2014-10-21,157,24,48,2014
471,2014-10-22,174,32,46,2014
472,2014-10-23,145,29,50,2014
473,2014-10-24,152,31,64,2014
474,2014-10-25,210,49,102,2014
475,2014-10-26,169,41,83,2014
476,2014-10-27,163,43,56,2014
477,2014-10-28,130,26,41,2014
478,2014-10-29,151,30,61,2014
479,2014-10-30,133,23,49,2014
480,2014-10-31,133,32,50,2014
481,2014-11-01,144,36,72,2014
482,2014-11-02,119,35,55,2014
483,2014-11-03,120,25,49,2014
484,2014-11-04,132,21,52,2014
485,2014-11-05,141,26,63,2014
486,2014-11-06,119,29,55,2014
487,2014-11-07,139,32,61,2014
488,2014-11-08,175,47,92,2014
489,2014-11-09,167,45,89,2014
490,2014-11-10,138,38,65,2014
491,2014-11-11,152,33,73,2014
492,2014-11-12,138,35,54,2014
493,2014-11-13,113,25,48,2014
494,2014-11-14,108,28,43,2014
495,2014-11-15,152,42,85,2014
496,2014-11-16,142,37,80,2014
497,2014-11-17,118,26,44,2014
498,2014-11-18,117,36,48,2014
499,2014-11-19,111,26,44,2014
500,2014-11-20,107,28,51,2014
501,2014-11-21,104,33,55,2014
502,2014-11-22,130,52,67,2014
503,2014-11-23,145,47,83,2014
504,2014-11-24,102,46,33,2014
505,2014-11-25,113,30,55,2014
506,2014-11-26,102,23,49,2014
507,2014-11-27,96,32,48,2014
508,2014-11-28,100,31,53,2014
509,2014-11-29,126,38,84,2014
510,2014-11-30,125,35,82,2014
511,2014-12-01,111,28,60,2014
512,2014-12-02,101,28,49,2014
513,2014-12-03,110,29,47,2014
514,2014-12-04,108,36,40,2014
515,2014-12-05,125,30,61,2014
516,2014-12-06,121,37,59,2014
517,2014-12-07,134,44,63,2014
518,2014-12-08,116,36,46,2014
519,2014-12-09,109,26,49,2014
520,2014-12-10,115,35,48,2014
521,2014-12-11,115,26,40,2014
522,2014-12-12,142,46,74,2014
523,2014-12-13,136,35,86,2014
524,2014-12-14,125,37,66,2014
525,2014-12-15,132,37,71,2014
526,2014-12-16,122,30,53,2014
527,2014-12-17,134,42,59,2014
528,2014-12-18,107,31,41,2014
529,2014-12-19,128,30,67,2014
530,2014-12-20,124,34,73,2014
531,2014-12-21,142,37,82,2014
532,2014-12-22,129,46,93,2014
533,2014-12-23,131,33,76,2014
534,2014-12-24,111,44,53,2014
535,2014-12-25,87,23,48,2014
536,2014-12-26,144,43,67,2014
537,2014-12-27,175,36,108,2014
538,2014-12-28,172,47,82,2014
539,2014-12-29,111,41,47,2014
540,2014-12-30,109,29,42,2014
541,2014-12-31,128,30,56,2014
542,2015-01-01,214,61,122,2014
543,2015-01-02,121,29,57,2014
544,2015-01-03,120,41,63,2014
545,2015-01-04,123,45,61,2014
546,2015-01-05,108,37,42,2014
547,2015-01-06,118,31,64,2014
548,2015-01-07,104,33,46,2014
549,2015-01-08,118,34,52,2014
550,2015-01-09,127,44,59,2014
551,2015-01-10,92,31,40,2014
552,2015-01-11,127,40,68,2014
553,2015-01-12,96,23,35,2014
554,2015-01-13,112,32,56,2014
555,2015-01-14,128,31,58,2014
556,2015-01-15,149,49,64,2014
557,2015-01-16,126,34,59,2014
558,2015-01-17,143,38,73,2014
559,2015-01-18,131,52,59,2014
560,2015-01-19,119,38,66,2014
561,2015-01-20,157,43,82,2014
562,2015-01-21,133,32,55,2014
563,2015-01-22,139,26,55,2014
564,2015-01-23,105,26,56,2014
565,2015-01-24,126,43,62,2014
566,2015-01-25,129,44,54,2014
567,2015-01-26,133,34,58,2014
568,2015-01-27,120,33,38,2014
569,2015-01-28,121,32,50,2014
570,2015-01-29,130,29,45,2014
571,2015-01-30,133,29,58,2014
572,2015-01-31,105,29,51,2014
573,2015-02-01,113,30,73,2014
574,2015-02-02,98,29,50,2014
575,2015-02-03,94,30,36,2014
576,2015-02-04,111,28,39,2014
577,2015-02-05,115,27,52,2014
578,2015-02-06,112,30,54,2014
579,2015-02-07,133,40,63,2014
580,2015-02-08,148,37,80,2014
581,2015-02-09,105,37,44,2014
582,2015-02-10,125,34,48,2014
583,2015-02-11,114,29,40,2014
584,2015-02-12,95,36,30,2014
585,2015-02-13,99,31,32,2014
586,2015-02-14,104,31,52,2014
587,2015-02-15,128,42,67,2014
588,2015-02-16,101,26,39,2014
589,2015-02-17,101,28,45,2014
590,2015-02-18,102,26,48,2014
591,2015-02-19,108,30,47,2014
592,2015-02-20,91,33,28,2014
593,2015-02-21,111,29,41,2014
594,2015-02-22,106,34,74,2014
595,2015-02-23,129,26,60,2014
596,2015-02-24,99,24,40,2014
597,2015-02-25,113,29,50,2014
598,2015-02-26,109,35,34,2014
599,2015-02-27,122,24,44,2014
600,2015-02-28,122,35,68,2014
601,2015-03-01,121,38,68,2014
602,2015-03-02,123,27,59,2014
603,2015-03-03,133,37,64,2014
604,2015-03-04,115,32,50,2014
605,2015-03-05,102,25,49,2014
606,2015-03-06,113,26,40,2014
607,2015-03-07,153,45,91,2014
608,2015-03-08,135,46,85,2014
609,2015-03-09,124,36,60,2014
610,2015-03-10,131,41,54,2014
611,2015-03-11,150,40,71,2014
612,2015-03-12,132,22,51,2014
613,2015-03-13,142,30,75,2014
614,2015-03-14,145,37,92,2014
615,2015-03-15,151,42,98,2014
616,2015-03-16,148,33,63,2014
617,2015-03-17,149,36,59,2014
618,2015-03-18,161,27,88,2014
619,2015-03-19,139,36,49,2014
620,2015-03-20,146,45,69,2014
621,2015-03-21,152,34,93,2014
622,2015-03-22,137,46,76,2014
623,2015-03-23,116,22,52,2014
624,2015-03-24,167,46,63,2014
625,2015-03-25,137,32,53,2014
626,2015-03-26,148,33,72,2014
627,2015-03-27,138,38,62,2014
628,2015-03-28,157,43,77,2014
629,2015-03-29,144,36,71,2014
630,2015-03-30,141,30,63,2014
631,2015-03-31,164,29,76,2014
632,2015-04-01,155,30,66,2014
633,2015-04-02,153,25,85,2014
634,2015-04-03,155,33,83,2014
635,2015-04-04,166,52,78,2014
636,2015-04-05,150,41,101,2014
637,2015-04-06,157,30,68,2014
638,2015-04-07,158,25,66,2014
639,2015-04-08,160,38,54,2014
640,2015-04-09,148,30,55,2014
641,2015-04-10,140,33,59,2014
642,2015-04-11,143,30,74,2014
643,2015-04-12,181,45,98,2014
644,2015-04-13,158,32,89,2014
645,2015-04-14,126,34,50,2014
646,2015-04-15,151,25,65,2014
647,2015-04-16,139,26,64,2014
648,2015-04-17,183,43,87,2014
649,2015-04-18,193,44,125,2014
650,2015-04-19,160,44,94,2014
651,2015-04-20,148,25,61,2014
652,2015-04-22,150,39,53,2014
653,2015-04-23,133,38,51,2014
654,2015-04-24,137,25,56,2014
655,2015-04-25,139,37,82,2014
656,2015-04-26,157,34,96,2014
657,2015-04-27,167,28,87,2014
658,2015-04-28,135,26,67,2014
659,2015-04-29,190,45,79,2014
660,2015-04-30,139,38,56,2014
661,2015-05-01,159,42,57,2014
662,2015-05-02,141,29,81,2014
663,2015-05-03,154,56,103,2014
664,2015-05-04,149,32,76,2014
665,2015-05-05,144,32,69,2014
666,2015-05-06,162,31,96,2014
667,2015-05-07,160,33,79,2014
668,2015-05-08,133,29,58,2014
669,2015-05-09,174,46,95,2014
670,2015-05-10,183,51,91,2014
671,2015-05-11,164,38,63,2014
672,2015-05-12,154,40,79,2014
673,2015-05-13,173,35,86,2014
674,2015-05-14,132,28,57,2014
675,2015-05-15,157,34,73,2014
676,2015-05-16,155,31,116,2014
677,2015-05-17,205,52,124,2014
678,2015-05-18,163,28,78,2014
679,2015-05-19,160,28,85,2014
680,2015-05-20,166,42,74,2014
681,2015-05-21,157,28,79,2014
682,2015-05-22,137,20,80,2014
683,2015-05-23,165,50,85,2014
684,2015-05-24,168,37,124,2014
685,2015-05-25,201,47,115,2014
686,2015-05-26,201,48,108,2014
687,2015-05-27,155,35,73,2014
688,2015-05-28,144,27,86,2014
689,2015-05-29,149,42,70,2014
690,2015-05-30,178,37,116,2014
691,2015-05-31,172,56,101,2014
692,2015-06-01,177,33,74,2014
693,2015-06-02,149,24,73,2014
694,2015-06-03,155,38,64,2014
695,2015-06-04,128,24,52,2014
696,2015-06-05,124,22,62,2014
697,2015-06-06,188,48,125,2014
698,2015-06-07,180,52,92,2014
699,2015-06-08,152,37,86,2014
700,2015-06-09,175,41,78,2014
701,2015-06-10,175,31,93,2014
702,2015-06-11,138,36,79,2014
703,2015-06-12,147,32,69,2014
704,2015-06-13,175,45,105,2014
705,2015-06-14,174,48,101,2014
706,2015-06-15,133,29,65,2014
707,2015-06-16,145,28,70,2014
708,2015-06-17,137,39,62,2014
709,2015-06-18,143,27,78,2014
710,2015-06-19,143,35,70,2014
711,2015-06-20,138,38,101,2014
712,2015-06-21,163,56,103,2014
713,2015-06-22,149,36,73,2014
714,2015-06-23,154,41,82,2014
715,2015-06-24,141,30,73,2014
716,2015-06-25,134,32,65,2014
717,2015-06-26,142,40,70,2014
718,2015-06-27,149,42,93,2014
719,2015-06-28,169,32,111,2014
720,2015-06-29,151,33,78,2014
721,2015-06-30,168,43,67,2014
722,2015-07-01,151,35,78,2014
723,2015-07-02,159,49,84,2014
724,2015-07-03,125,31,73,2014
725,2015-07-04,211,60,142,2014
726,2015-07-05,209,74,134,2014
727,2015-07-06,152,35,71,2014
728,2015-07-07,143,42,64,2014
729,2015-07-08,141,32,63,2014
730,2015-07-09,169,39,68,2014
731,2015-07-10,146,38,78,2014
732,2015-07-11,143,37,70,2014
733,2015-07-12,188,55,125,2014
734,2015-07-13,153,32,83,2014
735,2015-07-14,153,30,85,2014
736,2015-07-15,182,47,94,2014
737,2015-07-16,167,43,72,2014
738,2015-07-17,178,43,92,2014
739,2015-07-18,153,54,98,2014
740,2015-07-19,193,43,126,2014
741,2015-07-20,181,39,80,2014
742,2015-07-21,144,34,70,2014
743,2015-07-22,177,37,92,2014
744,2015-07-23,145,39,71,2014
745,2015-07-24,176,41,86,2014
746,2015-07-25,173,43,99,2014
747,2015-07-26,181,53,98,2014
748,2015-07-27,154,42,80,2014
749,2015-07-28,129,34,58,2014
750,2015-07-29,150,38,65,2014
751,2015-07-30,193,42,93,2014
752,2015-07-31,157,32,77,2014
753,2015-08-01,197,45,122,2014
754,2015-08-02,195,51,143,2014
755,2015-08-03,160,29,93,2014
756,2015-08-04,176,32,81,2014
757,2015-08-05,172,38,80,2014
758,2015-08-06,137,32,61,2014
759,2015-08-07,156,47,71,2014
760,2015-08-08,194,59,119,2014
761,2015-08-09,181,49,98,2014
762,2015-08-10,143,36,80,2014
763,2015-08-11,158,40,74,2014
764,2015-08-12,158,33,73,2014
765,2015-08-13,176,30,68,2014
766,2015-08-14,145,41,69,2014
767,2015-08-15,144,34,88,2014
768,2015-08-16,179,49,136,2014
769,2015-08-17,150,28,74,2014
770,2015-08-18,148,32,68,2014
771,2015-08-19,156,36,63,2014
772,2015-08-20,142,31,61,2014
773,2015-08-21,164,35,99,2014
774,2015-08-22,168,44,99,2014
775,2015-08-23,174,52,102,2014
776,2015-08-24,171,37,90,2014
777,2015-08-25,165,37,79,2014
778,2015-08-26,131,39,57,2014
779,2015-08-27,131,30,64,2014
780,2015-08-28,139,39,59,2014
781,2015-08-29,188,47,113,2014
782,2015-08-30,182,41,106,2014
783,2015-08-31,144,26,74,2014
784,2015-09-01,168,39,93,2014
785,2015-09-02,176,35,90,2014
786,2015-09-03,144,23,67,2014
787,2015-09-04,152,33,69,2014
788,2015-09-05,189,48,115,2014
789,2015-09-06,194,63,105,2014
790,2015-09-07,167,49,83,2014
791,2015-09-08,168,34,76,2014
792,2015-09-09,168,47,68,2014
793,2015-09-10,136,45,52,2014
794,2015-09-11,148,53,67,2014
795,2015-09-12,164,42,116,2014
796,2015-09-13,189,56,101,2014
797,2015-09-14,142,26,64,2014
798,2015-09-15,139,36,68,2014
799,2015-09-16,150,41,55,2014
800,2015-09-17,149,49,65,2014
801,2015-09-18,173,31,72,2014
802,2015-09-19,171,58,94,2014
803,2015-09-20,196,51,127,2014
804,2015-09-21,130,28,62,2014
805,2015-09-22,163,48,79,2014
806,2015-09-23,171,40,78,2014
807,2015-09-24,164,27,66,2014
808,2015-09-25,147,39,71,2014
809,2015-09-26,164,38,97,2014
810,2015-09-27,197,46,119,2014
811,2015-09-28,151,39,98,2014
812,2015-09-29,130,44,48,2014
813,2015-09-30,149,39,61,2014
814,2015-10-01,150,38,77,2014
815,2015-10-02,125,29,63,2014
816,2015-10-03,126,28,74,2014
817,2015-10-04,135,45,64,2014
818,2015-10-05,145,32,65,2014
819,2015-10-06,133,31,63,2014
820,2015-10-07,132,33,54,2014
821,2015-10-08,137,35,54,2014
822,2015-10-09,147,33,74,2014
823,2015-10-10,147,48,97,2014
824,2015-10-11,155,40,73,2014
825,2015-10-12,140,35,65,2014
826,2015-10-13,149,30,69,2014
827,2015-10-14,147,27,70,2014
828,2015-10-15,141,36,58,2014
829,2015-10-16,115,25,55,2014
830,2015-10-17,164,47,117,2014
831,2015-10-18,144,36,85,2014
832,2015-10-19,161,31,85,2014
833,2015-10-20,152,40,63,2014
834,2015-10-21,160,37,69,2014
835,2015-10-22,160,32,70,2014
836,2015-10-23,130,31,46,2014
837,2015-10-24,176,45,96,2014
838,2015-10-25,167,39,102,2014
839,2015-10-26,129,38,61,2014
840,2015-10-27,142,28,65,2014
841,2015-10-28,140,41,72,2014
842,2015-10-29,139,28,65,2014
843,2015-10-30,138,31,72,2014
844,2015-10-31,176,43,114,2014
845,2015-11-01,188,41,107,2014
846,2015-11-02,161,34,80,2014
847,2015-11-03,156,36,75,2014
848,2015-11-04,148,43,62,2014
849,2015-11-05,139,31,62,2014
850,2015-11-06,162,26,77,2014
851,2015-11-07,150,47,71,2014
852,2015-11-08,154,29,97,2014
853,2015-11-09,135,43,68,2014
854,2015-11-10,141,38,49,2014
855,2015-11-11,135,35,63,2014
856,2015-11-12,168,35,78,2014
857,2015-11-13,136,38,75,2014
858,2015-11-14,127,40,73,2014
859,2015-11-15,137,47,67,2014
860,2015-11-16,154,47,74,2014
861,2015-11-17,146,33,86,2014
862,2015-11-18,117,22,55,2014
863,2015-11-19,118,43,40,2014
864,2015-11-20,146,33,79,2014
865,2015-11-21,140,41,67,2014
866,2015-11-22,123,35,93,2014
867,2015-11-23,135,41,67,2014
868,2015-11-24,132,24,71,2014
869,2015-11-25,147,44,64,2014
870,2015-11-26,115,34,68,2014
871,2015-11-27,122,43,68,2014
872,2015-11-28,158,55,71,2014
873,2015-11-29,129,41,73,2014
874,2015-11-30,143,34,68,2014
875,2015-12-01,150,35,63,2014
876,2015-12-02,130,47,67,2014
877,2015-12-03,123,32,57,2014
878,2015-12-04,135,43,59,2014
879,2015-12-05,178,42,96,2014
880,2015-12-06,152,40,81,2014
881,2015-12-07,113,28,52,2014
882,2015-12-08,155,35,80,2014
883,2015-12-09,156,39,62,2014
884,2015-12-10,153,30,84,2014
885,2015-12-11,131,30,75,2014
886,2015-12-12,143,40,72,2014
887,2015-12-13,159,45,94,2014
888,2015-12-14,138,40,69,2014
889,2015-12-15,144,33,71,2014
890,2015-12-16,145,43,70,2014
891,2015-12-17,132,35,67,2014
892,2015-12-18,134,32,64,2014
893,2015-12-19,155,41,91,2014
894,2015-12-20,163,45,102,2014
895,2015-12-21,148,50,77,2014
896,2015-12-22,153,33,64,2014
897,2015-12-23,137,44,69,2014
898,2015-12-24,128,43,55,2014
899,2015-12-25,131,41,82,2014
900,2015-12-26,153,48,82,2014
901,2015-12-27,171,49,105,2014
902,2015-12-28,134,38,69,2014
903,2015-12-29,126,26,60,2014
904,2015-12-30,134,31,58,2014
905,2015-12-31,151,28,87,2014
906,2016-01-01,221,61,114,2014
907,2016-01-02,142,32,79,2014
908,2016-01-03,164,38,100,2014
909,2016-01-04,149,28,71,2014
910,2016-01-05,140,39,56,2014
911,2016-01-06,141,41,53,2014
912,2016-01-07,165,32,87,2014
913,2016-01-08,161,40,75,2014
914,2016-01-09,158,39,80,2014
915,2016-01-10,129,32,63,2014
916,2016-01-11,152,34,79,2014
917,2016-01-12,142,29,60,2014
918,2016-01-13,157,32,73,2014
919,2016-01-14,120,21,61,2014
920,2016-01-15,138,41,65,2014
921,2016-01-16,155,41,83,2014
922,2016-01-17,137,39,69,2014
923,2016-01-18,118,31,65,2014
924,2016-01-19,129,32,51,2014
925,2016-01-20,126,30,44,2014
926,2016-01-21,121,32,55,2014
927,2016-01-22,124,33,51,2014
928,2016-01-23,146,48,79,2014
929,2016-01-24,113,25,56,2014
930,2016-01-25,162,42,90,2014
931,2016-01-26,145,32,68,2014
932,2016-01-27,148,49,60,2014
933,2016-01-28,157,34,69,2014
934,2016-01-29,176,42,89,2014
935,2016-01-30,181,55,119,2014
936,2016-01-31,173,35,86,2014
937,2016-02-01,139,31,58,2014
938,2016-02-02,142,25,74,2014
939,2016-02-03,132,26,64,2014
940,2016-02-04,137,38,56,2014
941,2016-02-05,144,39,61,2014
942,2016-02-06,133,41,82,2014
943,2016-02-07,155,53,90,2014
944,2016-02-08,133,25,65,2014
945,2016-02-09,122,32,57,2014
946,2016-02-10,119,33,46,2014
947,2016-02-11,112,38,40,2014
948,2016-02-12,125,33,51,2014
949,2016-02-13,126,36,59,2014
950,2016-02-14,128,32,67,2014
951,2016-02-15,132,29,56,2014
952,2016-02-16,128,35,59,2014
953,2016-02-17,145,29,60,2014
954,2016-02-18,153,29,61,2014
955,2016-02-19,150,35,70,2014
956,2016-02-20,159,48,97,2014
957,2016-02-21,174,48,78,2014
958,2016-02-22,136,25,52,2014
959,2016-02-23,148,43,60,2014
960,2016-02-24,122,27,49,2014
961,2016-02-25,108,23,58,2014
962,2016-02-26,128,32,59,2014
963,2016-02-27,150,38,90,2014
964,2016-02-28,142,35,78,2014
965,2016-02-29,145,26,67,2014
966,2016-03-01,155,32,80,2014
967,2016-03-02,127,34,41,2014
968,2016-03-03,137,21,54,2014
969,2016-03-04,135,29,65,2014
970,2016-03-05,175,43,91,2014
971,2016-03-06,147,37,96,2014
972,2016-03-07,173,42,82,2014
973,2016-03-08,180,39,89,2014
974,2016-03-09,167,31,81,2014
975,2016-03-10,164,41,62,2014
976,2016-03-11,156,50,74,2014
977,2016-03-12,153,31,110,2014
978,2016-03-13,160,44,81,2014
979,2016-03-14,160,41,84,2014
980,2016-03-15,145,30,81,2014
981,2016-03-16,164,31,72,2014
982,2016-03-17,145,40,65,2014
983,2016-03-18,169,40,82,2014
984,2016-03-19,151,54,83,2014
985,2016-03-20,133,38,61,2014
986,2016-03-21,166,41,79,2014
987,2016-03-22,152,30,78,2014
988,2016-03-23,155,42,73,2014
989,2016-03-24,159,45,67,2014
990,2016-03-25,148,42,77,2014
991,2016-03-26,164,44,91,2014
992,2016-03-27,172,44,112,2014
993,2016-03-28,166,31,86,2014
994,2016-03-29,171,32,74,2014
995,2016-03-30,180,32,82,2014
996,2016-03-31,163,50,77,2014
997,2016-04-01,150,35,67,2014
998,2016-04-02,150,46,80,2014
999,2016-04-03,154,32,82,2014
1000,2016-04-04,136,26,65,2014
1001,2016-04-05,133,29,61,2014
1002,2016-04-06,163,30,73,2014
1003,2016-04-07,121,26,55,2014
1004,2016-04-08,138,35,55,2014
1005,2016-04-09,140,33,72,2014
1006,2016-04-10,183,54,118,2014
1007,2016-04-11,164,39,71,2014
1008,2016-04-12,150,39,59,2014
1009,2016-04-13,149,31,64,2014
1010,2016-04-14,133,27,59,2014
1011,2016-04-15,148,40,57,2014
1012,2016-04-16,184,50,107,2014
1013,2016-04-17,190,67,105,2014
1014,2016-04-18,164,34,87,2014
1015,2016-04-19,170,43,87,2014
1016,2016-04-20,165,30,68,2014
1017,2016-04-21,156,22,64,2014
1018,2016-04-22,145,49,52,2014
1019,2016-04-23,172,43,122,2014
1020,2016-04-24,176,47,108,2014
1021,2016-04-25,162,41,97,2014
1022,2016-04-26,151,44,67,2014
1023,2016-04-27,165,42,66,2014
1024,2016-04-28,168,41,57,2014
1025,2016-04-29,138,33,80,2014
1026,2016-04-30,154,44,71,2014
1027,2016-05-01,175,29,105,2014
1028,2016-05-02,149,32,63,2014
1029,2016-05-03,148,36,70,2014
1030,2016-05-04,147,33,75,2014
1031,2016-05-05,147,29,66,2014
1032,2016-05-06,153,36,81,2014
1033,2016-05-07,188,52,105,2014
1034,2016-05-08,172,43,100,2014
1035,2016-05-09,160,34,77,2014
1036,2016-05-10,146,47,45,2014
1037,2016-05-11,175,41,83,2014
1038,2016-05-12,162,34,70,2014
1039,2016-05-13,138,36,74,2014
1040,2016-05-14,163,37,111,2014
1041,2016-05-15,164,51,96,2014
1042,2016-05-16,141,29,76,2014
1043,2016-05-17,135,33,65,2014
1044,2016-05-18,155,32,89,2014
1045,2016-05-19,169,40,60,2014
1046,2016-05-20,144,30,79,2014
1047,2016-05-21,149,24,107,2014
1048,2016-05-22,163,41,101,2014
1049,2016-05-23,164,34,95,2014
1050,2016-05-24,137,33,62,2014
1051,2016-05-25,191,41,107,2014
1052,2016-05-26,161,43,90,2014
1053,2016-05-27,142,36,89,2014
1054,2016-05-28,169,43,101,2014
1055,2016-05-29,176,39,134,2014
1056,2016-05-30,161,46,80,2014
1057,2016-05-31,158,44,78,2014
1058,2016-06-01,152,50,57,2014
1059,2016-06-02,128,34,53,2014
1060,2016-06-03,148,42,65,2014
1061,2016-06-04,165,44,93,2014
1062,2016-06-05,169,36,109,2014
1063,2016-06-06,144,44,73,2014
1064,2016-06-07,142,34,68,2014
1065,2016-06-08,184,43,89,2014
1066,2016-06-09,150,40,73,2014
1067,2016-06-10,152,40,74,2014
1068,2016-06-11,166,55,107,2014
1069,2016-06-12,160,92,138,2014
1070,2016-06-13,151,43,89,2014
1071,2016-06-14,143,39,69,2014
1072,2016-06-15,137,32,56,2014
1073,2016-06-16,148,35,61,2014
1074,2016-06-18,171,57,110,2014
1075,2016-06-19,185,42,115,2014
1076,2016-06-20,166,43,88,2014
1077,2016-06-21,159,30,101,2014
1078,2016-06-22,147,33,77,2014
1079,2016-06-23,125,33,61,2014
1080,2016-06-24,160,59,95,2014
1081,2016-06-25,162,51,115,2014
1082,2016-06-26,205,58,146,2014
1083,2016-06-27,173,36,93,2014
1084,2016-06-28,160,55,81,2014
1085,2016-06-29,141,39,74,2014
1086,2016-06-30,137,37,74,2014
1087,2016-07-01,144,52,58,2014
1088,2016-07-02,180,57,97,2014
1089,2016-07-03,167,50,104,2014
1090,2016-07-04,224,53,163,2014
1091,2016-07-05,190,53,107,2014
1092,2016-07-06,180,40,101,2014
1093,2016-07-07,129,37,91,2014
1094,2016-07-08,130,32,74,2014
1095,2016-07-09,164,50,73,2014
1096,2016-07-10,170,43,95,2014
1097,2016-07-11,156,42,90,2014
1098,2016-07-12,154,26,89,2014
1099,2016-07-13,162,38,86,2014
1100,2016-07-14,127,40,75,2014
1101,2016-07-15,150,38,81,2014
1102,2016-07-16,178,54,138,2014
1103,2016-07-17,221,66,156,2014
1104,2016-07-18,163,43,79,2014
1105,2016-07-19,178,30,85,2014
1106,2016-07-20,174,50,97,2014
1107,2016-07-21,119,30,61,2014
1108,2016-07-22,136,33,82,2014
1109,2016-07-23,200,49,141,2014
1110,2016-07-24,215,51,126,2014
1111,2016-07-25,187,40,128,2014
1112,2016-07-26,175,46,81,2014
1113,2016-07-27,169,50,86,2014
1114,2016-07-28,163,51,71,2014
1115,2016-07-29,161,34,93,2014
1116,2016-07-30,201,60,126,2014
1117,2016-07-31,183,61,104,2014
1118,2016-08-01,157,39,76,2014
1119,2016-08-02,172,39,103,2014
1120,2016-08-03,181,36,92,2014
1121,2016-08-04,179,35,100,2014
1122,2016-08-05,183,45,111,2014
1123,2016-08-06,190,52,107,2014
1124,2016-08-07,208,57,146,2014
1125,2016-08-08,169,49,102,2014
1126,2016-08-09,156,41,77,2014
1127,2016-08-10,171,48,87,2014
1128,2016-08-11,178,31,92,2014
1129,2016-08-12,184,57,86,2014
1130,2016-08-13,191,55,115,2014
1131,2016-08-14,197,59,141,2014
1132,2016-08-15,177,39,87,2014
1133,2016-08-16,166,48,66,2014
1134,2016-08-17,158,29,88,2014
1135,2016-08-18,176,53,85,2014
1136,2016-08-19,152,39,67,2014
1137,2016-08-20,184,50,132,2014
1138,2016-08-21,227,68,140,2014
1139,2016-08-22,164,50,76,2014
1140,2016-08-23,172,41,85,2014
1141,2016-08-24,160,35,74,2014
1142,2016-08-25,159,34,72,2014
1143,2016-08-26,176,46,76,2014
1144,2016-08-27,189,67,106,2014
1145,2016-08-28,230,64,151,2014
1146,2016-08-29,160,39,98,2014
1147,2016-08-30,187,46,108,2014
1148,2016-08-31,174,38,86,2014
1149,2016-09-01,179,40,86,2014
1150,2016-09-02,150,42,61,2014
1151,2016-09-03,194,45,125,2014
1152,2016-09-04,216,62,121,2014
1153,2016-09-05,207,58,132,2014
1154,2016-09-06,166,37,82,2014
1155,2016-09-07,177,44,96,2014
1156,2016-09-08,135,37,67,2014
1157,2016-09-09,154,33,82,2014
1158,2016-09-10,165,42,105,2014
1159,2016-09-11,193,54,122,2014
1160,2016-09-12,143,46,58,2014
1161,2016-09-13,149,35,79,2014
1162,2016-09-14,174,50,66,2014
1163,2016-09-15,167,35,72,2014
1164,2016-09-16,159,41,80,2014
1165,2016-09-17,186,55,117,2014
1166,2016-09-18,167,44,103,2014
1167,2016-09-19,147,41,68,2014
1168,2016-09-20,153,33,73,2014
1169,2016-09-21,165,43,87,2014
1170,2016-09-22,139,26,60,2014
1171,2016-09-23,149,47,65,2014
1172,2016-09-24,158,46,94,2014
1173,2016-09-25,193,60,119,2014
1174,2016-09-26,156,29,95,2014
1175,2016-09-27,137,32,63,2014
1176,2016-09-28,158,45,83,2014
1177,2016-09-29,160,40,74,2014
1178,2016-09-30,141,44,63,2014
1179,2016-10-01,192,53,109,2014
1180,2016-10-02,163,41,109,2014
1181,2016-10-03,134,33,68,2014
1182,2016-10-04,143,35,63,2014
1183,2016-10-05,154,39,65,2014
1184,2016-10-06,142,28,64,2014
1185,2016-10-07,129,39,53,2014
1186,2016-10-08,173,39,90,2014
1187,2016-10-09,178,54,104,2014
1188,2016-10-10,170,49,102,2014
1189,2016-10-11,152,43,84,2014
1190,2016-10-12,163,43,94,2014
1191,2016-10-13,176,34,90,2014
1192,2016-10-14,158,44,83,2014
1193,2016-10-15,208,64,127,2014
1194,2016-10-16,217,58,118,2014
1195,2016-10-17,149,32,81,2014
1196,2016-10-18,182,49,89,2014
1197,2016-10-19,196,37,88,2014
1198,2016-10-20,161,20,66,2014
1199,2016-10-21,158,31,75,2014
1200,2016-10-22,176,50,107,2014
1201,2016-10-23,178,52,101,2014
1202,2016-10-24,171,46,80,2014
1203,2016-10-25,191,49,89,2014
1204,2016-10-26,167,42,80,2014
1205,2016-10-27,152,53,67,2014
1206,2016-10-28,144,48,64,2014
1207,2016-10-29,188,50,120,2014
1208,2016-10-30,192,59,148,2014
1209,2016-10-31,194,42,114,2014
1210,2016-11-01,200,45,99,2014
1211,2016-11-02,167,47,82,2014
1212,2016-11-03,159,37,85,2014
1213,2016-11-04,159,42,77,2014
1214,2016-11-05,185,59,97,2014
1215,2016-11-06,205,64,104,2014
1216,2016-11-07,149,52,78,2014
1217,2016-11-08,135,42,64,2014
1218,2016-11-09,131,17,56,2014
1219,2016-11-10,148,41,76,2014
1220,2016-11-11,158,50,86,2014
1221,2016-11-12,179,43,116,2014
1222,2016-11-13,186,44,121,2014
1223,2016-11-14,166,50,81,2014
1224,2016-11-15,168,38,83,2014
1225,2016-11-16,171,38,80,2014
1226,2016-11-17,178,45,84,2014
1227,2016-11-18,176,57,89,2014
1228,2016-11-19,179,51,95,2014
1229,2016-11-20,154,46,80,2014
1230,2016-11-21,139,36,72,2014
1231,2016-11-22,171,45,92,2014
1232,2016-11-23,167,45,67,2014
1233,2016-11-24,149,31,91,2014
1234,2016-11-25,157,52,91,2014
1235,2016-11-26,201,49,103,2014
1236,2016-11-27,217,53,144,2014
1237,2016-11-28,175,55,85,2014
1238,2016-11-29,167,44,82,2014
1239,2016-11-30,196,50,82,2014
1240,2016-12-01,181,31,95,2014
1241,2016-12-02,177,54,81,2014
1242,2016-12-03,173,42,105,2014
1243,2016-12-04,168,50,90,2014
1244,2016-12-05,167,38,71,2014
1245,2016-12-06,147,35,72,2014
1246,2016-12-07,146,30,62,2014
1247,2016-12-08,161,42,83,2014
1248,2016-12-09,183,52,84,2014
1249,2016-12-10,154,38,78,2014
1250,2016-12-11,177,50,103,2014
1251,2016-12-12,177,41,93,2014
1252,2016-12-13,162,37,75,2014
1253,2016-12-14,166,37,69,2014
1254,2016-12-15,149,29,69,2014
1255,2016-12-16,131,32,58,2014
1256,2016-12-17,195,70,90,2014
1257,2016-12-18,127,32,61,2014
1258,2016-12-19,149,37,54,2014
1259,2016-12-20,171,43,77,2014
1260,2016-12-21,164,44,68,2014
1261,2016-12-22,141,39,71,2014
1262,2016-12-23,167,55,95,2014
1263,2016-12-24,156,54,83,2014
1264,2016-12-25,154,46,78,2014
1265,2016-12-26,174,48,89,2014
1266,2016-12-27,177,37,96,2014
1267,2016-12-28,191,48,98,2014
1268,2016-12-29,204,37,101,2014
1269,2016-12-30,155,50,65,2014
1270,2016-12-31,209,60,106,2014
1271,2017-01-01,342,74,179,2014
1272,2017-01-02,176,37,93,2014
1273,2017-01-03,201,48,98,2014
1274,2017-01-04,163,34,62,2014
1275,2017-01-05,136,31,48,2014
1276,2017-01-06,131,34,68,2014
1277,2017-01-07,144,46,75,2014
1278,2017-01-08,136,50,67,2014
1279,2017-01-09,158,48,60,2014
1280,2017-01-10,172,44,70,2014
1281,2017-01-11,171,38,85,2014
1282,2017-01-12,169,40,94,2014
1283,2017-01-13,176,53,76,2014
1284,2017-01-14,187,44,106,2014
1285,2017-01-15,177,51,96,2014
1286,2017-01-16,186,52,119,2014
1287,2017-01-17,180,37,88,2014
1288,2017-01-18,187,52,80,2014
1289,2017-01-19,163,32,73,2014
1290,2017-01-20,168,43,76,2014
1291,2017-01-21,191,46,108,2014
1292,2017-01-22,174,50,90,2014
1293,2017-01-23,162,48,73,2014
1294,2017-01-25,170,34,86,2014
1295,2017-01-26,162,50,74,2014
1296,2017-01-27,173,45,89,2014
1297,2017-01-28,195,48,118,2014
1298,2017-01-29,170,54,92,2014
1299,2017-01-30,174,49,84,2014
1300,2017-01-31,164,44,77,2014
1301,2017-02-01,170,42,70,2014
1302,2017-02-02,141,36,61,2014
1303,2017-02-03,158,43,61,2014
1304,2017-02-04,145,44,69,2014
1305,2017-02-05,152,44,80,2014
1306,2017-02-06,172,44,88,2014
1307,2017-02-07,191,54,92,2014
1308,2017-02-08,150,38,69,2014
1309,2017-02-09,155,36,68,2014
1310,2017-02-10,155,36,68,2014
1311,2017-02-11,201,45,113,2014
1312,2017-02-12,172,49,121,2014
1313,2017-02-13,160,40,63,2014
1314,2017-02-14,168,47,50,2014
1315,2017-02-15,149,51,63,2014
1316,2017-02-16,149,37,62,2014
1317,2017-02-17,169,39,77,2014
1318,2017-02-18,175,43,100,2014
1319,2017-02-19,216,51,130,2014
1320,2017-02-20,179,37,95,2014
1321,2017-02-21,163,42,64,2014
1322,2017-02-22,175,41,93,2014
1323,2017-02-23,155,42,81,2014
1324,2017-02-24,162,32,67,2014
1325,2017-02-25,144,30,87,2014
1326,2017-02-26,128,34,54,2014
1327,2017-02-27,160,33,63,2014
1328,2017-02-28,171,31,88,2014
1329,2017-03-01,149,27,61,2014
1330,2017-03-02,152,34,60,2014
1331,2017-03-03,141,28,54,2014
1332,2017-03-04,161,56,76,2014
1333,2017-03-05,154,28,84,2014
1334,2017-03-06,145,29,67,2014
1335,2017-03-07,152,30,63,2014
1336,2017-03-08,146,44,54,2014
1337,2017-03-09,161,35,64,2014
1338,2017-03-10,132,40,71,2014
1339,2017-03-11,133,36,64,2014
1340,2017-03-12,137,41,54,2014
1341,2017-03-13,134,40,58,2014
1342,2017-03-14,127,29,51,2014
1343,2017-03-15,152,44,58,2014
1344,2017-03-16,154,27,56,2014
1345,2017-03-17,150,44,62,2014
1346,2017-03-18,162,46,78,2014
1347,2017-03-19,186,53,82,2014
1348,2017-03-20,174,35,66,2014
1349,2017-03-21,170,27,79,2014
1350,2017-03-22,171,43,71,2014
1351,2017-03-23,148,34,65,2014
1352,2017-03-24,175,51,103,2014
1353,2017-03-25,202,51,117,2014
1354,2017-03-26,206,49,144,2014
1355,2017-03-27,178,52,79,2014
1356,2017-03-28,181,42,79,2014
1357,2017-03-29,206,48,86,2014
1358,2017-03-30,196,50,60,2014
1359,2017-03-31,159,27,67,2014
1360,2017-04-01,170,47,84,2014
1361,2017-04-02,196,44,106,2014
1362,2017-04-03,172,46,75,2014
1363,2017-04-04,200,38,78,2014
1364,2017-04-05,174,35,67,2014
1365,2017-04-06,165,33,74,2014
1366,2017-04-07,176,44,90,2014
1367,2017-04-08,191,41,91,2014
1368,2017-04-09,207,49,125,2014
1369,2017-04-10,193,40,88,2014
1370,2017-04-11,184,42,80,2014
1371,2017-04-12,200,36,76,2014
1372,2017-04-13,197,39,83,2014
1373,2017-04-14,196,49,66,2014
1374,2017-04-15,200,38,133,2014
1375,2017-04-16,229,50,128,2014
1376,2017-04-17,180,35,92,2014
1377,2017-04-18,178,31,85,2014
1378,2017-04-19,179,26,72,2014
1379,2017-04-20,161,46,72,2014
1380,2017-04-21,167,33,70,2014
1381,2017-04-22,222,39,113,2014
1382,2017-04-23,204,48,111,2014
1383,2017-04-24,173,45,87,2014
1384,2017-04-25,173,38,74,2014
1385,2017-04-26,192,43,96,2014
1386,2017-04-27,167,41,54,2014
1387,2017-04-28,165,37,69,2014
1388,2017-04-29,183,45,110,2014
1389,2017-04-30,183,53,99,2014
1390,2017-05-01,176,42,94,2014
1391,2017-05-02,168,38,89,2014
1392,2017-05-03,185,42,62,2014
1393,2017-05-04,120,23,44,2014
1394,2017-05-05,177,43,83,2014
1395,2017-05-06,161,52,69,2014
1396,2017-05-07,216,48,119,2014
1397,2017-05-08,195,44,77,2014
1398,2017-05-09,178,43,76,2014
1399,2017-05-10,172,33,67,2014
1400,2017-05-11,162,43,66,2014
1401,2017-05-12,170,45,74,2014
1402,2017-05-13,204,46,88,2014
1403,2017-05-14,185,58,111,2014
1404,2017-05-15,187,54,100,2014
1405,2017-05-16,197,43,100,2014
1406,2017-05-17,190,40,91,2014
1407,2017-05-18,164,42,72,2014
1408,2017-05-19,168,38,78,2014
1409,2017-05-20,168,44,97,2014
1410,2017-05-21,191,56,106,2014
1411,2017-05-22,172,51,85,2014
1412,2017-05-23,174,38,69,2014
1413,2017-05-24,186,43,86,2014
1414,2017-05-25,170,29,90,2014
1415,2017-05-26,181,42,74,2014
1416,2017-05-27,217,62,126,2014
1417,2017-05-28,242,61,150,2014
1418,2017-05-29,217,51,118,2014
1419,2017-05-30,201,46,94,2014
1420,2017-05-31,172,49,77,2014
1421,2017-06-01,159,41,68,2014
1422,2017-06-02,193,50,86,2014
1423,2017-06-03,180,50,109,2014
1424,2017-06-04,176,53,90,2014
1425,2017-06-05,169,43,80,2014
1426,2017-06-06,187,49,88,2014
1427,2017-06-07,168,45,78,2014
1428,2017-06-08,186,54,81,2014
1429,2017-06-09,139,41,78,2014
1430,2017-06-10,153,44,83,2014
1431,2017-06-11,194,55,136,2014
1432,2017-06-12,162,54,88,2014
1433,2017-06-13,168,43,76,2014
1434,2017-06-14,135,27,71,2014
1435,2017-06-15,184,49,96,2014
1436,2017-06-16,148,42,84,2014
1437,2017-06-17,206,59,114,2014
1438,2017-06-18,190,52,131,2014
1439,2017-06-19,185,59,81,2014
1440,2017-06-20,178,35,77,2014
1441,2017-06-21,175,40,93,2014
1442,2017-06-22,158,39,79,2014
1443,2017-06-23,161,42,80,2014
1444,2017-06-24,182,48,119,2014
1445,2017-06-25,178,48,105,2014
1446,2017-06-26,164,37,76,2014
1447,2017-06-27,162,40,74,2014
1448,2017-06-28,205,45,90,2014
1449,2017-06-29,168,40,92,2014
1450,2017-06-30,145,42,76,2014
1451,2017-07-01,176,54,136,2014
1452,2017-07-02,204,47,141,2014
1453,2017-07-03,165,53,94,2014
1454,2017-07-04,248,62,146,2014
1455,2017-07-05,209,73,125,2014
1456,2017-07-06,175,40,84,2014
1457,2017-07-07,172,43,89,2014
1458,2017-07-08,184,47,124,2014
1459,2017-07-09,208,51,141,2014
1460,2017-07-10,170,28,71,2014
1461,2017-07-11,169,34,72,2014
1462,2017-07-12,184,43,88,2014
1463,2017-07-13,166,29,77,2014
1464,2017-07-14,161,48,68,2014
1465,2017-07-15,183,40,96,2014
1466,2017-07-16,194,59,107,2014
1467,2017-07-17,181,41,94,2014
1468,2017-07-18,162,42,89,2014
1469,2017-07-19,198,44,113,2014
1470,2017-07-20,157,41,69,2014
1471,2017-07-21,153,34,86,2014
1472,2017-07-22,155,41,78,2014
1473,2017-07-23,192,56,110,2014
1474,2017-07-24,154,33,79,2014
1475,2017-07-25,201,50,82,2014
1476,2017-07-26,168,38,80,2014
1477,2017-07-27,155,28,79,2014
1478,2017-07-28,161,40,89,2014
1479,2017-07-29,166,49,97,2014
1480,2017-07-30,205,61,118,2014
1481,2017-07-31,171,42,96,2014
1482,2017-08-01,176,36,123,2014
1483,2017-08-02,166,41,89,2014
1484,2017-08-03,195,48,109,2014
1485,2017-08-04,158,52,57,2014
1486,2017-08-05,193,61,113,2014
1487,2017-08-06,196,51,125,2014
1488,2017-08-07,167,53,77,2014
1489,2017-08-08,183,34,85,2014
1490,2017-08-09,156,32,76,2014
1491,2017-08-10,151,46,59,2014
1492,2017-08-11,165,35,83,2014
1493,2017-08-12,160,39,88,2014
1494,2017-08-13,192,58,129,2014
1495,2017-08-14,170,44,92,2014
1496,2017-08-15,202,41,89,2014
1497,2017-08-16,133,19,70,2014
1498,2017-08-17,148,37,54,2014
1499,2017-08-18,156,48,70,2014
1500,2017-08-19,170,44,113,2014
1501,2017-08-20,191,59,116,2014
1502,2017-08-21,161,43,106,2014
1503,2017-08-22,148,37,65,2014
1504,2017-08-23,187,38,99,2014
1505,2017-08-24,150,41,73,2014
1506,2017-08-25,158,38,84,2014
1507,2017-08-26,150,41,90,2014
1508,2017-08-27,180,53,91,2014
1509,2017-08-28,160,40,68,2014
1510,2017-08-29,170,38,73,2014
1511,2017-08-30,152,31,86,2014
1512,2017-08-31,158,46,79,2014
1513,2017-09-01,162,39,84,2014
1514,2017-09-02,143,32,77,2014
1515,2017-09-03,206,52,122,2014
1516,2017-09-04,172,51,95,2014
1517,2017-09-05,142,41,68,2014
1518,2017-09-06,130,32,68,2014
1519,2017-09-07,133,23,70,2014
1520,2017-09-08,129,30,55,2014
1521,2017-09-09,160,34,90,2014
1522,2017-09-10,126,57,76,2014
1523,2017-09-11,135,32,65,2014
1524,2017-09-12,166,38,71,2014
1525,2017-09-13,140,30,59,2014
1526,2017-09-14,158,35,67,2014
1527,2017-09-15,160,43,69,2014
1528,2017-09-16,153,39,113,2014
1529,2017-09-17,194,49,137,2014
1530,2017-09-18,159,34,87,2014
1531,2017-09-19,170,52,71,2014
1532,2017-09-20,173,40,79,2014
1533,2017-09-21,162,38,82,2014
1534,2017-09-22,162,34,86,2014
1535,2017-09-23,188,54,119,2014
1536,2017-09-24,206,42,141,2014
1537,2017-09-25,162,40,75,2014
1538,2017-09-26,149,42,83,2014
1539,2017-09-27,164,35,83,2014
1540,2017-09-28,143,32,73,2014
1541,2017-09-29,181,45,115,2014
1542,2017-09-30,162,51,93,2014
1543,2017-10-01,171,113,593,2014
1544,2017-10-02,164,32,72,2014
1545,2017-10-03,170,36,82,2014
1546,2017-10-04,172,43,96,2014
1547,2017-10-05,165,39,86,2014
1548,2017-10-06,163,48,87,2014
1549,2017-10-07,175,46,99,2014
1550,2017-10-08,179,50,109,2014
1551,2017-10-09,160,23,103,2014
1552,2017-10-10,162,38,99,2014
1553,2017-10-11,133,42,47,2014
1554,2017-10-12,146,37,76,2014
1555,2017-10-13,167,32,70,2014
1556,2017-10-14,197,49,96,2014
1557,2017-10-15,168,43,107,2014
1558,2017-10-16,154,39,85,2014
1559,2017-10-17,138,24,78,2014
1560,2017-10-18,174,41,87,2014
1561,2017-10-19,157,40,63,2014
1562,2017-10-20,175,39,87,2014
1563,2017-10-21,220,61,145,2014
1564,2017-10-22,167,45,102,2014
1565,2017-10-23,168,58,78,2014
1566,2017-10-24,144,40,58,2014
1567,2017-10-25,174,45,79,2014
1568,2017-10-26,181,42,85,2014
1569,2017-10-27,158,33,91,2014
1570,2017-10-28,178,56,106,2014
1571,2017-10-29,191,48,114,2014
1572,2017-10-30,145,37,59,2014
1573,2017-10-31,185,45,92,2014
1574,2017-11-01,182,43,78,2014
1575,2017-11-02,142,46,67,2014
1576,2017-11-03,167,40,85,2014
1577,2017-11-04,186,46,104,2014
1578,2017-11-05,199,93,117,2014
1579,2017-11-06,130,38,67,2014
1580,2017-11-07,160,35,79,2014
1581,2017-11-08,144,38,62,2014
1582,2017-11-09,137,44,61,2014
1583,2017-11-10,146,51,78,2014
1584,2017-11-11,164,52,90,2014
1585,2017-11-12,171,52,112,2014
1586,2017-11-13,175,49,81,2014
1587,2017-11-14,156,31,87,2014
1588,2017-11-15,142,32,59,2014
1589,2017-11-16,151,37,83,2014
1590,2017-11-17,141,34,54,2014
1591,2017-11-18,187,54,84,2014
1592,2017-11-19,175,53,92,2014
1593,2017-11-20,129,37,52,2014
1594,2017-11-21,154,29,62,2014
1595,2017-11-22,142,28,70,2014
1596,2017-11-23,133,44,65,2014
1597,2017-11-24,170,52,94,2014
1598,2017-11-25,180,49,114,2014
1599,2017-11-26,185,46,89,2014
1600,2017-11-27,181,52,75,2014
1601,2017-11-28,158,33,66,2014
1602,2017-11-29,172,36,76,2014
1603,2017-11-30,143,30,74,2014
1604,2017-12-01,161,40,70,2014
1605,2017-12-02,168,46,95,2014
1606,2017-12-03,154,44,92,2014
1607,2017-12-04,138,46,51,2014
1608,2017-12-05,151,36,63,2014
1609,2017-12-06,146,27,71,2014
1610,2017-12-07,155,39,57,2014
1611,2017-12-08,131,30,57,2014
1612,2017-12-09,141,44,82,2014
1613,2017-12-10,154,44,88,2014
1614,2017-12-11,174,52,75,2014
1615,2017-12-12,151,42,58,2014
1616,2017-12-13,168,43,75,2014
1617,2017-12-14,118,28,55,2014
1618,2017-12-15,130,42,54,2014
1619,2017-12-16,164,45,86,2014
1620,2017-12-17,170,46,79,2014
1621,2017-12-18,153,35,63,2014
1622,2017-12-19,186,43,98,2014
1623,2017-12-20,159,43,66,2014
1624,2017-12-21,151,36,68,2014
1625,2017-12-22,169,56,77,2014
1626,2017-12-23,157,49,85,2014
1627,2017-12-24,133,43,78,2014
1628,2017-12-25,119,42,48,2014
1629,2017-12-26,151,49,74,2014
1630,2017-12-27,135,26,57,2014
1631,2017-12-28,119,49,51,2014
1632,2017-12-29,119,29,54,2014
1633,2017-12-30,145,39,68,2014
1634,2017-12-31,152,55,74,2014
1635,2018-01-01,242,73,113,2014
1636,2018-01-02,109,24,54,2014
1637,2018-01-03,134,42,58,2014
1638,2018-01-04,126,31,68,2014
1639,2018-01-05,137,42,62,2014
1640,2018-01-06,150,66,65,2014
1641,2018-01-07,154,53,91,2014
1642,2018-01-08,133,43,62,2014
1643,2018-01-09,162,37,72,2014
1644,2018-01-10,149,28,48,2014
1645,2018-01-11,193,62,102,2014
1646,2018-01-12,172,48,90,2014
1647,2018-01-13,153,39,79,2014
1648,2018-01-14,152,34,88,2014
1649,2018-01-15,155,34,81,2014
1650,2018-01-16,133,30,55,2014
1651,2018-01-17,143,41,60,2014
1652,2018-01-18,149,30,62,2014
1653,2018-01-19,149,32,49,2014
1654,2018-01-20,190,57,93,2014
1655,2018-01-21,191,44,108,2014
1656,2018-01-22,145,44,80,2014
1657,2018-01-23,168,56,83,2014
1658,2018-01-24,186,36,79,2014
1659,2018-01-25,176,42,88,2014
1660,2018-01-26,187,40,84,2014
1661,2018-01-27,172,45,100,2014
1662,2018-01-28,188,61,92,2014
1663,2018-01-29,146,34,69,2014
1664,2018-01-30,137,42,62,2014
1665,2018-01-31,145,34,68,2014
1666,2018-02-01,158,46,62,2014
1667,2018-02-02,137,41,53,2014
1668,2018-02-03,153,53,80,2014
1669,2018-02-04,122,30,61,2014
1670,2018-02-05,146,34,66,2014
1671,2018-02-06,159,47,55,2014
1672,2018-02-07,126,31,68,2014
1673,2018-02-08,149,43,66,2014
1674,2018-02-09,129,37,55,2014
1675,2018-02-10,148,51,52,2014
1676,2018-02-11,133,40,52,2014
1677,2018-02-12,117,30,53,2014
1678,2018-02-13,137,36,59,2014
1679,2018-02-14,141,49,76,2014
1680,2018-02-15,147,43,46,2014
1681,2018-02-16,153,37,72,2014
1682,2018-02-17,141,48,81,2014
1683,2018-02-18,162,39,77,2014
1684,2018-02-19,165,42,57,2014
1685,2018-02-20,165,44,58,2014
1686,2018-02-21,154,27,50,2014
1687,2018-02-22,136,34,32,2014
1688,2018-02-23,170,37,65,2014
1689,2018-02-24,166,31,100,2014
1690,2018-02-25,155,42,67,2014
1691,2018-02-26,143,42,43,2014
1692,2018-02-27,150,31,55,2014
1693,2018-02-28,162,26,52,2014
1694,2018-03-01,160,33,48,2014
1695,2018-03-02,141,41,50,2014
1696,2018-03-03,124,29,64,2014
1697,2018-03-04,157,32,67,2014
1698,2018-03-05,191,51,61,2014
1699,2018-03-06,145,29,65,2014
1700,2018-03-07,151,34,58,2014
1701,2018-03-08,135,24,61,2014
1702,2018-03-09,137,37,65,2014
1703,2018-03-10,157,43,66,2014
1704,2018-03-11,145,36,73,2014
1705,2018-03-12,175,46,79,2014
1706,2018-03-13,146,21,65,2014
1707,2018-03-14,180,52,55,2014
1708,2018-03-15,165,25,72,2014
1709,2018-03-16,125,30,52,2014
1710,2018-03-17,178,36,104,2014
1711,2018-03-18,198,40,98,2014
1712,2018-03-19,154,31,61,2014
1713,2018-03-20,150,36,64,2014
1714,2018-03-21,151,38,70,2014
1715,2018-03-22,169,29,69,2014
1716,2018-03-23,127,31,51,2014
1717,2018-03-24,185,49,95,2014
1718,2018-03-25,172,48,80,2014
1719,2018-03-26,147,30,81,2014
1720,2018-03-27,135,18,57,2014
1721,2018-03-28,175,42,69,2014
1722,2018-03-29,131,33,69,2014
1723,2018-03-30,114,41,49,2014
1724,2018-03-31,132,53,75,2014
